
{"data":
[{"name":"2016-12-15","sex":"Java学习资料","type":"学习资料","work":"聂伍","class":"001","tele":"13624536231","age":"5年","oper":"1","work1":"待处理"},
  {"name":"2016-12-15","sex":"web学习资料","type":"学习资料","work":"熊艳","class":"002","tele":"13869532103","age":"4年","oper":"1","work1":"待处理"},
  {"name":"2016-12-15","sex":".net学习资料","type":"学习资料","work":"杜定义","class":"003","tele":"13624536231","age":"5年","oper":"1","work1":"待处理"},
  {"name":"2016-12-15","sex":"Java学习资料","type":"学习资料","work":"聂伍","class":"004","tele":"13869532103","age":"4年","oper":"1","work1":"已处理"},
  {"name":"2016-12-15","sex":".net学习资料","type":"学习资料","work":"杜定义","class":"005","tele":"13624536231","age":"5年","oper":"1","work1":"待处理"},
  {"name":"2016-12-15","sex":"Java学习资料","type":"学习资料","work":"聂伍","class":"006","tele":"13869532103","age":"4年","oper":"1","work1":"已处理"},
  {"name":"2016-12-15","sex":"web学习资料","type":"学习资料","work":"熊艳","class":"007","tele":"13624536231","age":"5年","oper":"1","work1":"待处理"},
  {"name":"2016-12-15","sex":"Java学习资料","type":"学习资料","work":"聂伍","class":"008","tele":"13869532103","age":"4年","oper":"1","work1":"已处理"},
  {"name":"2016-12-15","sex":"web学习资料","type":"学习资料","work":"熊艳","class":"009","tele":"13624536231","age":"5年","oper":"1","work1":"待处理"},
  {"name":"2016-12-15","sex":"Java学习资料","type":"学习资料","work":"聂伍","class":"010","tele":"13869532103","age":"4年","oper":"1","work1":"已处理"},
  {"name":"2016-12-15","sex":".net学习资料","type":"学习资料","work":"杜定义","class":"011","tele":"13624536231","age":"5年","oper":"1","work1":"待处理"},
  {"name":"2016-12-15","sex":".net学习资料","type":"学习资料","work":"杜定义","class":"012","tele":"13869532103","age":"4年","oper":"1","work1":"已处理"},
  {"name":"2016-12-15","sex":"net学习资料","type":"学习资料","work":"杜定义","class":"013","tele":"13869532103","age":"4年","oper":"1","work1":"已处理"}
]}