
{"data":
[{"name":"2016-12-15","sex":"星期四","type":"物资部","work":"15602184514","class":"","tele":"13624536231","age":"5年","oper":"1"},
  {"name":"2016-12-15","sex":"星期四","type":"物资部","work":"15602184514","class":"","tele":"13869532103","age":"4年","oper":"1"},
  {"name":"2016-12-15","sex":"星期四","type":"物资部","work":"15602184514","class":"","tele":"13624536231","age":"5年","oper":"1"},
  {"name":"2016-12-15","sex":"星期四","type":"物资部","work":"15602184514","class":"","tele":"13869532103","age":"4年","oper":"1"},
  {"name":"2016-12-15","sex":"星期四","type":"物资部","work":"15602184514","class":"","tele":"13624536231","age":"5年","oper":"1"},
  {"name":"2016-12-15","sex":"星期四","type":"物资部","work":"15602184514","class":"","tele":"13869532103","age":"4年","oper":"1"},
  {"name":"2016-12-15","sex":"星期四","type":"物资部","work":"15602184514","class":"","tele":"13624536231","age":"5年","oper":"1"},
  {"name":"2016-12-15","sex":"星期四","type":"物资部","work":"15602184514","class":"","tele":"13869532103","age":"4年","oper":"1"},
  {"name":"2016-12-15","sex":"星期四","type":"物资部","work":"15602184514","class":"","tele":"13624536231","age":"5年","oper":"1"},
  {"name":"2016-12-15","sex":"星期四","type":"物资部","work":"15602184514","class":"","tele":"13869532103","age":"4年","oper":"1"},
  {"name":"2016-12-15","sex":"星期四","type":"物资部","work":"15602184514","class":"","tele":"13624536231","age":"5年","oper":"1"},
  {"name":"2016-12-15","sex":"星期四","type":"物资部","work":"15602184514","class":"","tele":"13869532103","age":"4年","oper":"1"},
  {"name":"2016-12-15","sex":"星期四","type":"物资部","work":"15602184514","class":"","tele":"13624536231","age":"5年","oper":"1"},
  {"name":"2016-12-15","sex":"星期四","type":"物资部","work":"15602184514","class":"","tele":"13869532103","age":"4年","oper":"1"},
  {"name":"2016-12-15","sex":"星期四","type":"物资部","work":"15602184514","class":"","tele":"13624536231","age":"5年","oper":"1"},
  {"name":"2016-12-15","sex":"星期四","type":"物资部","work":"15602184514","class":"","tele":"13869532103","age":"4年","oper":"1"}
]}